region,prefecture,city
北海道,北海道,札幌
北海道,北海道,旭川
北海道,北海道,苫小牧
北海道,北海道,函館
北海道,北海道,江別
北海道,北海道,恵庭
北海道,北海道,釧路
北海道,北海道,北見
北海道,北海道,浦河
北海道,北海道,帯広
北海道,北海道,小樽
北海道,北海道,千歳
北海道,北海道,稚内
北海道,北海道,室蘭
北海道,北海道,名寄
北海道,北海道,富良野
東北,青森県,青森市
東北,青森県,つがる市
東北,青森県,弘前市
東北,青森県,おいらせ町
東北,青森県,八戸市
東北,岩手県,盛岡市
東北,岩手県,一関市
東北,岩手県,北上市
東北,岩手県,宮古市
東北,宮城県,仙台市
東北,宮城県,石巻市
東北,宮城県,富谷町
東北,宮城県,名取市
東北,宮城県,大崎市
東北,宮城県,利府町
東北,秋田県,秋田市
東北,秋田県,大仙市
東北,秋田県,能代市
東北,山形県,山形市
東北,山形県,三川町
東北,山形県,米沢市
東北,山形県,鶴岡市
東北,山形県,東根市
東北,福島県,福島市
東北,福島県,郡山市
東北,福島県,いわき市
関東,東京都,渋谷
関東,東京都,新宿
関東,東京都,有楽町
関東,東京都,池袋
関東,東京都,銀座
関東,東京都,吉祥寺
関東,東京都,蒲田
関東,東京都,六本木
関東,東京都,錦糸町
関東,東京都,神保町
関東,東京都,北千住
関東,東京都,南町田
関東,東京都,木場
関東,東京都,武蔵村山
関東,東京都,秋川
関東,東京都,大森
関東,東京都,飯田橋
関東,東京都,三軒茶屋
関東,東京都,品川
関東,東京都,多摩センター
関東,東京都,平和島
関東,東京都,お台場
関東,東京都,東武練馬
関東,東京都,下高井戸
関東,東京都,新橋
関東,東京都,立川
関東,東京都,大泉
関東,東京都,恵比寿
関東,東京都,水道橋
関東,東京都,西新井
関東,東京都,府中
関東,東京都,南大沢
関東,東京都,下北沢
関東,東京都,八王子
関東,東京都,船堀
関東,東京都,東中野
関東,東京都,昭島
関東,東京都,亀有
関東,東京都,目黒
関東,東京都,としまえん
関東,東京都,豊洲
関東,東京都,阿佐ヶ谷
関東,東京都,高田馬場
関東,神奈川県,みなとみらい
関東,神奈川県,川崎
関東,神奈川県,新百合ヶ丘
関東,神奈川県,港北ニュータウン
関東,神奈川県,小田原
関東,神奈川県,海老名
関東,神奈川県,関内
関東,神奈川県,辻堂
関東,神奈川県,つきみ野
関東,神奈川県,茅ヶ崎
関東,神奈川県,港南台
関東,神奈川県,平塚
関東,神奈川県,黄金町
関東,神奈川県,上大岡
関東,神奈川県,鴨居
関東,神奈川県,橋本
関東,神奈川県,横浜
関東,神奈川県,横須賀
関東,神奈川県,武蔵小杉
関東,神奈川県,座間市
関東,埼玉県,春日部
関東,埼玉県,熊谷
関東,埼玉県,鶴ヶ島
関東,埼玉県,浦和美園
関東,埼玉県,ふじみ野
関東,埼玉県,越谷レイクタウン
関東,埼玉県,羽生
関東,埼玉県,久喜
関東,埼玉県,川越
関東,埼玉県,鴻巣
関東,埼玉県,新座
関東,埼玉県,日進
関東,埼玉県,幸手
関東,埼玉県,新所沢
関東,埼玉県,深谷
関東,埼玉県,川口
関東,埼玉県,さいたま新都心
関東,埼玉県,三郷
関東,埼玉県,入間
関東,埼玉県,上里
関東,埼玉県,南古谷
関東,埼玉県,浦和
関東,千葉県,千葉ニュータウン
関東,千葉県,千葉中央
関東,千葉県,ちはら台
関東,千葉県,銚子
関東,千葉県,ユーカリが丘
関東,千葉県,野田
関東,千葉県,市川妙典
関東,千葉県,海浜幕張
関東,千葉県,舞浜
関東,千葉県,旭
関東,千葉県,蘇我
関東,千葉県,柏
関東,千葉県,本八幡
関東,千葉県,五井
関東,千葉県,流山おおたか
関東,千葉県,南船橋
関東,千葉県,八千代緑が丘
関東,千葉県,成田
関東,茨城県,つくば市
関東,茨城県,土浦市
関東,茨城県,水戸市
関東,茨城県,下妻市
関東,茨城県,笠間市
関東,茨城県,守谷市
関東,茨城県,稲敷市
関東,茨城県,ひたちなか市
関東,栃木県,宇都宮市
関東,栃木県,小山市
関東,栃木県,佐野市
関東,栃木県,那須塩原市
関東,栃木県,茂木町
関東,群馬県,高崎市
関東,群馬県,伊勢崎市
関東,群馬県,前橋市
関東,群馬県,太田市
甲信越・北陸,新潟県,新潟市
甲信越・北陸,新潟県,上越市
甲信越・北陸,新潟県,燕市
甲信越・北陸,新潟県,長岡市
甲信越・北陸,新潟県,十日町市
甲信越・北陸,長野県,長野市
甲信越・北陸,長野県,上田市
甲信越・北陸,長野県,飯田市
甲信越・北陸,長野県,岡谷市
甲信越・北陸,長野県,伊那市
甲信越・北陸,長野県,佐久市
甲信越・北陸,長野県,塩尻市
甲信越・北陸,長野県,東筑摩郡
甲信越・北陸,長野県,松本市
甲信越・北陸,山梨県,甲府市
甲信越・北陸,山梨県,笛吹市
甲信越・北陸,山梨県,中巨摩郡
甲信越・北陸,富山県,富山市
甲信越・北陸,富山県,高岡市
甲信越・北陸,石川県,金沢市
甲信越・北陸,石川県,野々市市
甲信越・北陸,石川県,かほく市
甲信越・北陸,福井県,福井市
甲信越・北陸,福井県,敦賀市
甲信越・北陸,福井県,鯖江市
東海,愛知県,名駅
東海,愛知県,栄
東海,愛知県,今池
東海,愛知県,豊川
東海,愛知県,岡崎
東海,愛知県,津島
東海,愛知県,春日井
東海,愛知県,刈谷
東海,愛知県,安城
東海,愛知県,小牧
東海,愛知県,大高
東海,愛知県,一宮
東海,愛知県,上小田井
東海,愛知県,港
東海,愛知県,東浦
東海,愛知県,豊田
東海,愛知県,中川
東海,愛知県,西尾
東海,愛知県,半田
東海,愛知県,名古屋空港
東海,愛知県,星ヶ丘
東海,愛知県,三好
東海,愛知県,阿久比
東海,愛知県,稲沢
東海,愛知県,豊橋
東海,岐阜県,岐阜
東海,岐阜県,関市
東海,岐阜県,各務原市
東海,岐阜県,大垣市
東海,岐阜県,高山市
東海,岐阜県,柳津
東海,岐阜県,本巣市
東海,三重県,桑名市
東海,三重県,鈴鹿市
東海,三重県,津市
東海,三重県,員弁郡
東海,三重県,伊勢市
東海,三重県,多気郡
東海,三重県,四日市市
東海,三重県,伊賀市
東海,静岡県,静岡市
東海,静岡県,浜松市
東海,静岡県,沼津市
東海,静岡県,富士宮市
東海,静岡県,駿東郡
東海,静岡県,三島市
東海,静岡県,磐田市
東海,静岡県,藤枝市
近畿,大阪府,梅田
近畿,大阪府,中崎町
近畿,大阪府,なんば
近畿,大阪府,飛田
近畿,大阪府,九条
近畿,大阪府,十三
近畿,大阪府,新世界
近畿,大阪府,天王寺
近畿,大阪府,泉南
近畿,大阪府,枚方
近畿,大阪府,心斎橋
近畿,大阪府,箕面
近畿,大阪府,千里中央
近畿,大阪府,高槻
近畿,大阪府,大日
近畿,大阪府,鳳
近畿,大阪府,泉北
近畿,大阪府,茨木
近畿,大阪府,淡路
近畿,大阪府,布施
近畿,大阪府,堺浜
近畿,大阪府,八尾
近畿,大阪府,岸和田
近畿,兵庫県,三宮
近畿,兵庫県,姫路
近畿,兵庫県,新開地
近畿,兵庫県,大久保
近畿,兵庫県,元町
近畿,兵庫県,HAT神戸
近畿,兵庫県,三田
近畿,兵庫県,新長田
近畿,兵庫県,神戸
近畿,兵庫県,加古川
近畿,兵庫県,宝塚
近畿,兵庫県,塚口
近畿,兵庫県,伊丹
近畿,兵庫県,西宮
近畿,兵庫県,赤穂
近畿,兵庫県,尼崎
近畿,京都府,烏丸
近畿,京都府,京都駅
近畿,京都府,二条
近畿,京都府,高
近畿,京都府,久御山
近畿,京都府,福知山
近畿,京都府,舞鶴
近畿,京都府,河原町
近畿,滋賀県,大津市
近畿,滋賀県,近江八幡市
近畿,滋賀県,草津市
近畿,滋賀県,彦根市
近畿,滋賀県,甲賀市
近畿,奈良県,橿原市
近畿,奈良県,大和郡山市
近畿,奈良県,北葛城郡
近畿,和歌山県,御坊市
近畿,和歌山県,田辺市
近畿,和歌山県,新宮市
近畿,和歌山県,和歌山市
中・四国,岡山県,岡山市
中・四国,岡山県,倉敷市
中・四国,広島県,広島市
中・四国,広島県,福山市
中・四国,広島県,尾道市
中・四国,広島県,呉市
中・四国,広島県,東広島市
中・四国,広島県,安芸郡
中・四国,鳥取県,倉吉市
中・四国,鳥取県,鳥取市
中・四国,鳥取県,西伯郡
中・四国,島根県,出雲市
中・四国,島根県,松江市
中・四国,山口県,防府市
中・四国,山口県,宇部市
中・四国,山口県,萩市
中・四国,山口県,下松市
中・四国,山口県,山口市
中・四国,香川県,綾歌郡
中・四国,香川県,高松市
中・四国,香川県,東かがわ市
中・四国,徳島県,板野郡
中・四国,徳島県,徳島市
中・四国,愛媛県,松山市
中・四国,愛媛県,今治市
中・四国,愛媛県,大洲市
中・四国,愛媛県,伊予郡
中・四国,愛媛県,東温市
中・四国,愛媛県,新居浜市
中・四国,高知県,高知市
九州・沖縄,福岡県,福岡市
九州・沖縄,福岡県,北九州市
九州・沖縄,福岡県,糟屋郡
九州・沖縄,福岡県,大牟田市
九州・沖縄,福岡県,筑紫野市
九州・沖縄,福岡県,飯塚市
九州・沖縄,福岡県,大野城市
九州・沖縄,福岡県,久留米市
九州・沖縄,福岡県,直方市
九州・沖縄,福岡県,福津市
九州・沖縄,福岡県,中間市
九州・沖縄,佐賀県,佐賀市
九州・沖縄,佐賀県,唐津市
九州・沖縄,長崎県,長崎市
九州・沖縄,長崎県,佐世保市
九州・沖縄,熊本県,熊本市
九州・沖縄,熊本県,宇城市
九州・沖縄,熊本県,上益城郡
九州・沖縄,熊本県,菊池郡
九州・沖縄,熊本県,天草市
九州・沖縄,大分県,大分市
九州・沖縄,大分県,日田市
九州・沖縄,大分県,別府市
九州・沖縄,大分県,中津市
九州・沖縄,宮崎県,宮崎市
九州・沖縄,宮崎県,延岡市
九州・沖縄,宮崎県,都城市
九州・沖縄,鹿児島県,鹿児島市
九州・沖縄,鹿児島県,鹿屋市
九州・沖縄,沖縄県,那覇市
九州・沖縄,沖縄県,宮古島市
九州・沖縄,沖縄県,南風原町
九州・沖縄,沖縄県,北谷町
関東,千葉県,千葉市
関東,東京都,日本橋
近畿,大阪府,枚方市
東北,山形県,天童市
関東,埼玉県,川口市
東海,愛知県,名古屋
中・四国,山口県,下関市
関東,千葉県,木更津市
関東,東京都,玉川
関東,神奈川県,厚木市
関東,埼玉県,富士見
東海,愛知県,名古屋市
近畿,京都府,桂川
甲信越・北陸,富山県,氷見市
東北,秋田県,大館市
九州・沖縄,鹿児島県,奄美市
オンライン,オンライン,オンライン